name,attempted_passes,big_chances_created,big_chances_missed,clearances_blocks_interceptions,completed_passes,dribbles,errors_leading_to_goal_attempt,fixture,fouls,key_passes,minutes,offside,open_play_crosses,opponent_team,penalties_conceded,penalties_missed,penalties_saved,recoveries,red_cards,round,saves,tackled,tackles,target_missed,team_a_score,team_h_score,was_home,yellow_cards
Aaron_Cresswell,24,0,0,4,16,0,0,127,1,0,90,0,0,11,0,0,0,6,0,13,0,1,1,0,1,1,False,1
Aaron_Lennon,16,0,0,1,11,0,0,128,0,1,64,0,0,13,0,0,0,1,0,13,0,0,3,0,0,1,False,0
Aaron_Ramsey,13,1,0,1,11,0,0,121,0,2,16,0,0,2,0,0,0,0,0,13,0,0,0,1,1,3,True,0
Abdoulaye_Doucouré,0,0,0,0,0,0,0,130,0,0,0,0,0,14,0,0,0,0,0,13,0,0,0,0,1,0,True,0
Abdul Rahman_Baba,0,0,0,0,0,0,0,123,0,0,0,0,0,17,0,0,0,0,0,13,0,0,0,0,1,2,True,0
Abel_Hernández,0,0,0,0,0,0,0,124,0,0,0,0,0,19,0,0,0,0,0,13,0,0,0,0,1,1,True,0
Adama_Diomande,17,0,0,1,16,0,0,124,1,2,45,0,0,19,0,0,0,7,0,13,0,0,1,1,1,1,True,1
Adama_Traoré,14,0,0,1,7,7,0,125,0,0,78,0,0,8,0,0,0,1,0,13,0,2,0,1,2,2,False,0
Adam_Clayton,50,0,0,8,44,1,0,125,0,0,90,0,0,8,0,0,0,10,0,13,0,0,1,0,2,2,False,0
Adam_Federici,22,0,0,1,14,0,0,121,0,0,90,0,0,1,0,0,0,10,0,13,0,0,0,0,1,3,False,0
Adam_Forshaw,41,0,0,1,36,2,0,125,1,3,90,0,0,8,0,0,0,5,0,13,0,1,1,0,2,2,False,0
Adam_Lallana,0,0,0,0,0,0,0,126,0,0,0,0,0,15,0,0,0,0,0,13,0,0,0,0,0,2,True,0
Adam_Matthews,0,0,0,0,0,0,0,126,0,0,0,0,0,9,0,0,0,0,0,13,0,0,0,0,0,2,False,0
Adam_Reach,0,0,0,0,0,0,0,125,0,0,0,0,0,8,0,0,0,0,0,13,0,0,0,0,2,2,False,0
Adam_Smith,32,0,1,5,25,1,0,121,1,1,90,0,1,1,0,0,0,5,0,13,0,3,0,2,1,3,False,0
Adlène_Guédioura,0,0,0,0,0,0,0,130,0,0,0,0,0,14,0,0,0,0,0,13,0,0,0,0,1,0,True,0
Adnan_Januzaj,1,0,0,0,1,1,0,126,0,0,12,0,0,9,0,0,0,1,0,13,0,2,0,0,0,2,False,0
Adrian_Mariappa,0,0,0,0,0,0,0,130,0,0,0,0,0,14,0,0,0,0,0,13,0,0,0,0,1,0,True,0
Adrián_San Miguel del Castillo,0,0,0,0,0,0,0,127,0,0,0,0,0,11,0,0,0,0,0,13,0,0,0,0,1,1,False,0
Ahmed_Elmohamady,69,0,0,2,52,0,0,124,0,1,90,0,1,19,0,0,0,4,0,13,0,0,1,0,1,1,True,0
Ahmed_Musa,11,0,0,1,7,0,0,125,0,1,23,0,1,12,0,0,0,1,0,13,0,0,0,2,2,2,True,0
Aiden_O'Neill,0,0,0,0,0,0,0,122,0,0,0,0,0,10,0,0,0,0,0,13,0,0,0,0,2,1,True,0
Ainsley_Maitland-Niles,0,0,0,0,0,0,0,121,0,0,0,0,0,2,0,0,0,0,0,13,0,0,0,0,1,3,True,0
Alberto_Moreno,0,0,0,0,0,0,0,126,0,0,0,0,0,15,0,0,0,0,0,13,0,0,0,0,0,2,True,0
Albert_Adomah,0,0,0,0,0,0,0,125,0,0,0,0,0,8,0,0,0,0,0,13,0,0,0,0,2,2,False,0
Aleix_García Serrano,0,0,0,0,0,0,0,122,0,0,0,0,0,3,0,0,0,0,0,13,0,0,0,0,2,1,False,0
Aleksandar_Kolarov,63,0,0,9,47,0,0,122,0,0,90,0,0,3,0,0,0,2,0,13,0,0,0,0,2,1,False,0
Alexander_Manninger,0,0,0,0,0,0,0,126,0,0,0,0,0,15,0,0,0,0,0,13,0,0,0,0,0,2,True,0
Alexis_Sánchez,47,0,0,0,34,2,0,121,1,5,90,0,1,2,0,0,0,6,0,13,0,6,2,1,1,3,True,1
Alex_Baptiste,0,0,0,0,0,0,0,125,0,0,0,0,0,8,0,0,0,0,0,13,0,0,0,0,2,2,False,0
Alex_Bruce,0,0,0,0,0,0,0,124,0,0,0,0,0,19,0,0,0,0,0,13,0,0,0,0,1,1,True,0
Alex_Iwobi,0,0,0,0,0,0,0,121,0,0,0,0,0,2,0,0,0,0,0,13,0,0,0,0,1,3,True,0
Alex_McCarthy,0,0,0,0,0,0,0,128,0,0,0,0,0,6,0,0,0,0,0,13,0,0,0,0,0,1,True,0
Alex_Oxlade-Chamberlain,34,0,0,1,26,1,0,121,1,1,74,0,0,2,0,0,0,5,0,13,0,3,0,0,1,3,True,0
Alex_Palmer,0,0,0,0,0,0,0,124,0,0,0,0,0,7,0,0,0,0,0,13,0,0,0,0,1,1,False,0
Alex_Pritchard,0,0,0,0,0,0,0,123,0,0,0,0,0,4,0,0,0,0,0,13,0,0,0,0,1,2,False,0
Alfie_Mawson,0,0,0,0,0,0,0,129,0,0,0,0,0,5,0,0,0,0,0,13,0,0,0,0,4,5,True,0
Allan-Roméo_Nyom,25,0,0,2,19,1,0,124,0,0,90,0,0,7,0,0,0,9,0,13,0,0,3,0,1,1,False,0
Allan_McGregor,0,0,0,0,0,0,0,124,0,0,0,0,0,19,0,0,0,0,0,13,0,0,0,0,1,1,True,0
Almen_Abdi,0,0,0,0,0,0,0,130,0,0,0,0,0,14,0,0,0,0,0,13,0,0,0,0,1,0,True,0
Ander_Herrera,110,0,0,8,101,0,0,127,2,0,90,0,0,20,0,0,0,7,0,13,0,0,1,0,1,1,True,0
Andreas_Pereira,0,0,0,0,0,0,0,127,0,0,0,0,0,20,0,0,0,0,0,13,0,0,0,0,1,1,True,0
Andrew_Robertson,1,0,0,0,0,0,0,124,0,0,1,0,0,19,0,0,0,0,0,13,0,0,0,0,1,1,True,0
Andrew_Surman,0,0,0,0,0,0,0,121,0,0,0,0,0,1,0,0,0,0,0,13,0,0,0,0,1,3,False,0
Andre_Gray,0,0,0,0,0,0,0,122,0,0,0,0,0,10,0,0,0,0,0,13,0,0,0,0,2,1,True,0
Andros_Townsend,5,0,0,1,4,0,0,129,1,0,39,0,0,16,0,0,0,2,0,13,0,1,0,0,4,5,False,1
André_Ayew,5,0,0,1,4,1,0,127,1,0,17,0,0,11,0,0,0,1,0,13,0,2,0,1,1,1,False,0
Andy_Carroll,0,0,0,0,0,0,0,127,0,0,0,0,0,11,0,0,0,0,0,13,0,0,0,0,1,1,False,0
Andy_King,43,0,0,2,34,1,0,125,0,1,90,0,0,12,0,0,0,5,0,13,0,1,0,1,2,2,True,0
Angelo_Ogbonna,16,0,0,12,12,0,0,127,0,0,90,0,0,11,0,0,0,4,0,13,0,0,1,0,1,1,False,0
Angel_Rangel,4,0,0,1,4,0,0,129,0,0,11,0,0,5,0,0,0,0,0,13,0,0,0,0,4,5,True,0
Anthony_Martial,0,0,0,0,0,0,0,127,0,0,0,0,0,20,0,0,0,0,0,13,0,0,0,0,1,1,True,0
Antonio_Barragán,55,0,0,5,46,1,0,125,2,0,90,0,0,8,0,0,0,2,0,13,0,2,2,0,2,2,False,0
Antonio_Valencia,66,0,0,3,59,3,0,127,3,2,90,0,4,20,0,0,0,6,0,13,0,1,0,0,1,1,True,1
Arouna_Koné,0,0,0,0,0,0,0,128,0,0,0,0,0,13,0,0,0,0,0,13,0,0,0,0,0,1,False,0
Arthur_Masuaku,0,0,0,0,0,0,0,127,0,0,0,0,0,11,0,0,0,0,0,13,0,0,0,0,1,1,False,0
Artur_Boruc,0,0,0,0,0,0,0,121,0,0,0,0,0,1,0,0,0,0,0,13,0,0,0,0,1,3,False,0
Ashley_Barnes,4,0,0,0,3,0,0,122,2,1,11,0,0,10,0,0,0,1,0,13,0,0,0,0,2,1,True,0
Ashley_Fletcher,7,0,0,1,7,1,0,127,3,1,25,0,0,11,0,0,0,3,0,13,0,1,0,0,1,1,False,0
Ashley_Williams,36,0,0,10,32,0,0,128,1,0,90,0,0,13,0,0,0,9,0,13,0,0,0,0,0,1,False,1
Ashley_Young,0,0,0,0,0,0,0,127,0,0,0,0,0,20,0,0,0,0,0,13,0,0,0,0,1,1,True,0
Asmir_Begovic,0,0,0,0,0,0,0,123,0,0,0,0,0,17,0,0,0,0,0,13,0,0,0,0,1,2,True,0
Bacary_Sagna,63,0,0,5,59,0,0,122,0,1,90,0,0,3,0,0,0,7,0,13,0,0,0,0,2,1,False,0
Bafétimbi_Gomis,0,0,0,0,0,0,0,129,0,0,0,0,0,5,0,0,0,0,0,13,0,0,0,0,4,5,True,0
Bakary_Sako,4,0,0,0,2,0,0,129,1,0,9,0,0,16,0,0,0,0,0,13,0,1,0,0,4,5,False,0
Bamidele_Alli,31,0,0,1,27,1,0,123,2,1,72,1,0,4,0,0,0,4,0,13,0,3,3,0,1,2,False,0
Bartosz_Kapustka,0,0,0,0,0,0,0,125,0,0,0,0,0,12,0,0,0,0,0,13,0,0,0,0,2,2,True,0
Bastian_Schweinsteiger,0,0,0,0,0,0,0,127,0,0,0,0,0,20,0,0,0,0,0,13,0,0,0,0,1,1,True,0
Benik_Afobe,5,0,1,0,3,1,0,121,0,0,28,2,0,1,0,0,0,0,0,13,0,0,0,0,1,3,False,0
Benjamin_Chilwell,0,0,0,0,0,0,0,125,0,0,0,0,0,12,0,0,0,0,0,13,0,0,0,0,2,2,True,0
Ben_Davies,0,0,0,0,0,0,0,123,0,0,0,0,0,4,0,0,0,0,0,13,0,0,0,0,1,2,False,0
Ben_Foster,24,0,0,0,11,0,1,124,0,0,90,0,0,7,0,0,0,10,0,13,3,0,0,0,1,1,False,0
Ben_Gibson,64,0,0,4,53,0,0,125,0,0,90,0,0,8,0,0,0,2,0,13,0,0,0,0,2,2,False,0
Ben_Hamer,0,0,0,0,0,0,0,125,0,0,0,0,0,12,0,0,0,0,0,13,0,0,0,0,2,2,True,0
Ben_Hinchcliffe,0,0,0,0,0,0,0,124,0,0,0,0,0,19,0,0,0,0,0,13,0,0,0,0,1,1,True,0
Ben_Mee,25,0,0,7,13,0,0,122,0,0,90,0,0,10,0,0,0,6,0,13,0,0,1,0,2,1,True,0
Ben_Watson,0,0,0,0,0,0,0,130,0,0,0,0,0,14,0,0,0,0,0,13,0,0,0,0,1,0,True,0
Ben_Woodburn,1,0,0,0,1,0,0,126,0,0,1,0,0,15,0,0,0,1,0,13,0,0,0,0,0,2,True,0
Ben_Wynter,0,0,0,0,0,0,0,129,0,0,0,0,0,16,0,0,0,0,0,13,0,0,0,0,4,5,False,0
Bernardo_Espinosa Zúñiga,0,0,0,0,0,0,0,125,0,0,0,0,0,8,0,0,0,0,0,13,0,0,0,0,2,2,False,0
Bertrand_Traore,0,0,0,0,0,0,0,123,0,0,0,0,0,17,0,0,0,0,0,13,0,0,0,0,1,2,True,0
Billy_Jones,16,0,0,8,10,0,0,126,1,1,90,0,0,9,0,0,0,4,0,13,0,1,0,0,0,2,False,0
Boaz_Myhill,0,0,0,0,0,0,0,124,0,0,0,0,0,7,0,0,0,0,0,13,0,0,0,0,1,1,False,0
Bojan_Krkic,0,0,0,0,0,0,0,130,0,0,0,0,0,18,0,0,0,0,0,13,0,0,0,0,1,0,False,0
Borja_Bastón,0,0,0,0,0,0,0,129,0,0,0,0,0,5,0,0,0,0,0,13,0,0,0,0,4,5,True,0
Bradley_Guzan,0,0,0,0,0,0,0,125,0,0,0,0,0,8,0,0,0,0,0,13,0,0,0,0,2,2,False,0
Bradley_Smith,26,0,0,5,19,0,0,121,2,0,80,0,0,1,0,0,0,7,0,13,0,3,0,0,1,3,False,1
Branislav_Ivanovic,4,0,0,0,2,0,0,123,0,0,10,0,0,17,0,0,0,0,0,13,0,0,0,0,1,2,True,0
Brendan_Galloway,0,0,0,0,0,0,0,124,0,0,0,0,0,7,0,0,0,0,0,13,0,0,0,0,1,1,False,0
Brian_Lenihan,0,0,0,0,0,0,0,124,0,0,0,0,0,19,0,0,0,0,0,13,0,0,0,0,1,1,True,0
Brice_Dja Djédjé,0,0,0,0,0,0,0,130,0,0,0,0,0,14,0,0,0,0,0,13,0,0,0,0,1,0,True,0
Bruno_Martins Indi,31,0,0,15,29,0,0,130,0,0,90,0,0,18,0,0,0,5,0,13,0,0,0,0,1,0,False,0
Bryan_Oviedo,0,0,0,0,0,0,0,128,0,0,0,0,0,13,0,0,0,0,0,13,0,0,0,0,0,1,False,0
Callum_McManaman,0,0,0,0,0,0,0,124,0,0,0,0,0,7,0,0,0,0,0,13,0,0,0,0,1,1,False,0
Callum_Wilson,6,0,0,0,5,0,0,121,1,0,62,2,0,1,0,0,0,2,0,13,0,3,0,1,1,3,False,0
Calum_Chambers,57,0,0,15,48,0,0,125,3,0,90,0,0,8,1,0,0,2,0,13,0,0,0,0,2,2,False,1
Cameron_Borthwick-Jackson,0,0,0,0,0,0,0,127,0,0,0,0,0,20,0,0,0,0,0,13,0,0,0,0,1,1,True,0
Cameron_Brannagan,0,0,0,0,0,0,0,126,0,0,0,0,0,15,0,0,0,0,0,13,0,0,0,0,0,2,True,0
Cameron_Carter-Vickers,0,0,0,0,0,0,0,123,0,0,0,0,0,4,0,0,0,0,0,13,0,0,0,0,1,2,False,0
Carlos_De Pena,0,0,0,0,0,0,0,125,0,0,0,0,0,8,0,0,0,0,0,13,0,0,0,0,2,2,False,0
Carl_Jenkinson,0,0,0,0,0,0,0,121,0,0,0,0,0,2,0,0,0,0,0,13,0,0,0,0,1,3,True,0
Cesc_Fàbregas,0,0,0,0,0,0,0,123,0,0,0,0,0,17,0,0,0,0,0,13,0,0,0,0,1,2,True,0
Charlie_Adam,57,0,0,4,39,0,0,130,2,2,90,0,0,18,0,0,0,7,0,13,0,0,2,1,1,0,False,0
Charlie_Austin,33,1,0,1,26,0,0,128,3,1,88,0,1,6,0,0,0,3,0,13,0,1,0,0,0,1,True,0
Charlie_Daniels,0,0,0,0,0,0,0,121,0,0,0,0,0,1,0,0,0,0,0,13,0,0,0,0,1,3,False,0
Cheikhou_Kouyaté,19,0,0,8,14,0,1,127,3,0,90,0,0,11,0,0,0,5,0,13,0,0,5,0,1,1,False,0
Christian_Benteke,37,1,0,1,23,1,0,129,1,3,90,0,0,16,0,0,0,0,0,13,0,1,0,1,4,5,False,0
Christian_Eriksen,38,0,0,1,29,0,0,123,0,1,90,0,0,4,0,0,0,6,0,13,0,1,3,1,1,2,False,0
Christian_Fuchs,25,0,0,7,16,1,0,125,2,2,90,0,1,12,0,0,0,2,0,13,0,0,0,0,2,2,True,1
Christian_Kabasele,25,0,0,2,19,0,0,130,1,0,70,0,0,14,0,0,0,2,0,13,0,0,0,0,1,0,True,0
Chris_Brunt,47,0,0,0,37,1,0,124,0,0,90,0,2,7,0,0,0,4,0,13,0,0,0,0,1,1,False,0
Chris_Long,0,0,0,0,0,0,0,122,0,0,0,0,0,10,0,0,0,0,0,13,0,0,0,0,2,1,True,0
Chris_Smalling,0,0,0,0,0,0,0,127,0,0,0,0,0,20,0,0,0,0,0,13,0,0,0,0,1,1,True,0
Chuba_Akpom,0,0,0,0,0,0,0,121,0,0,0,0,0,2,0,0,0,0,0,13,0,0,0,0,1,3,True,0
Chung-yong_Lee,0,0,0,0,0,0,0,129,0,0,0,0,0,16,0,0,0,0,0,13,0,0,0,0,4,5,False,0
Claudio_Bravo,46,0,0,1,24,0,0,122,0,0,90,0,0,3,0,0,0,21,0,13,4,0,0,0,2,1,False,0
Claudio_Yacob,55,0,0,1,48,0,0,124,1,0,90,0,0,7,0,0,0,3,0,13,0,0,2,0,1,1,False,0
Clinton_N'Jie,0,0,0,0,0,0,0,123,0,0,0,0,0,4,0,0,0,0,0,13,0,0,0,0,1,2,False,0
Connor_Randall,0,0,0,0,0,0,0,126,0,0,0,0,0,15,0,0,0,0,0,13,0,0,0,0,0,2,True,0
Connor_Wickham,10,0,0,1,7,2,0,129,3,0,51,0,0,16,0,0,0,1,0,13,0,2,1,0,4,5,False,0
Costel_Pantilimon,0,0,0,0,0,0,0,130,0,0,0,0,0,14,0,0,0,0,0,13,0,0,0,0,1,0,True,0
Craig_Cathcart,0,0,0,0,0,0,0,130,0,0,0,0,0,14,0,0,0,0,0,13,0,0,0,0,1,0,True,0
Craig_Dawson,40,0,0,2,32,0,0,124,0,1,90,0,1,7,0,0,0,5,0,13,0,1,0,1,1,1,False,0
Craig_Gardner,0,0,0,0,0,0,0,124,0,0,0,0,0,7,0,0,0,0,0,13,0,0,0,0,1,1,False,0
Cristhian_Stuani,8,0,0,0,7,0,0,125,0,0,12,0,0,8,0,0,0,2,0,13,0,2,0,0,2,2,False,1
Cristian_Gamboa,0,0,0,0,0,0,0,124,0,0,0,0,0,7,0,0,0,0,0,13,0,0,0,0,1,1,False,0
Cuco_Martina,0,0,0,0,0,0,0,128,0,0,0,0,0,6,0,0,0,0,0,13,0,0,0,0,0,1,True,0
Curtis_Davies,45,0,0,10,36,0,0,124,1,0,90,0,0,19,0,0,0,5,0,13,0,0,0,1,1,1,True,0
Cédric_Soares,34,1,0,2,26,1,0,128,0,3,90,0,3,6,0,0,0,3,0,13,0,3,2,0,0,1,True,0
César_Azpilicueta,40,0,0,9,34,1,0,123,0,0,90,0,0,17,0,0,0,2,0,13,0,0,1,0,1,2,True,0
Dael_Fry,0,0,0,0,0,0,0,125,0,0,0,0,0,8,0,0,0,0,0,13,0,0,0,0,2,2,False,0
Daley_Blind,0,0,0,0,0,0,0,127,0,0,0,0,0,20,0,0,0,0,0,13,0,0,0,0,1,1,True,0
Damien_Delaney,0,0,0,0,0,0,0,129,0,0,0,0,0,16,0,0,0,0,0,13,0,0,0,0,4,5,False,0
Daniel_Amartey,49,0,0,3,38,0,0,125,5,1,90,0,1,12,0,0,0,14,0,13,0,0,3,2,2,2,True,1
Daniel_Ayala,0,0,0,0,0,0,0,125,0,0,0,0,0,8,0,0,0,0,0,13,0,0,0,0,2,2,False,0
Daniel_Drinkwater,0,0,0,0,0,0,0,125,0,0,0,0,0,12,0,0,0,0,0,13,0,0,0,0,2,2,True,0
Daniel_James,0,0,0,0,0,0,0,129,0,0,0,0,0,5,0,0,0,0,0,13,0,0,0,0,4,5,True,0
Daniel_Lafferty,0,0,0,0,0,0,0,122,0,0,0,0,0,10,0,0,0,0,0,13,0,0,0,0,2,1,True,0
Daniel_Sturridge,0,0,0,0,0,0,0,126,0,0,0,0,0,15,0,0,0,0,0,13,0,0,0,0,0,2,True,0
Danny_Ings,0,0,0,0,0,0,0,126,0,0,0,0,0,15,0,0,0,0,0,13,0,0,0,0,0,2,True,0
Danny_Rose,0,0,0,0,0,0,0,123,0,0,0,0,0,4,0,0,0,0,0,13,0,0,0,0,1,2,False,0
Danny_Simpson,42,0,0,2,28,0,0,125,0,1,90,0,1,12,0,0,0,5,0,13,0,0,0,0,2,2,True,0
Danny_Welbeck,0,0,0,0,0,0,0,121,0,0,0,0,0,2,0,0,0,0,0,13,0,0,0,0,1,3,True,0
Dan_Gosling,63,0,0,5,49,0,0,121,1,0,90,0,0,1,0,0,0,8,0,13,0,4,3,0,1,3,False,1
Darren_Fletcher,33,0,0,2,28,1,0,124,0,0,63,0,0,7,0,0,0,3,0,13,0,0,0,0,1,1,False,0
Darren_Randolph,39,0,0,2,14,0,0,127,0,0,90,0,0,11,0,0,0,12,0,13,7,0,0,0,1,1,False,0
Darron_Gibson,0,0,0,0,0,0,0,128,0,0,0,0,0,13,0,0,0,0,0,13,0,0,0,0,0,1,False,0
Daryl_Janmaat,33,0,0,2,28,2,0,130,3,1,90,0,2,14,0,0,0,7,0,13,0,2,0,1,1,0,True,0
David_de Gea,24,0,0,0,19,0,0,127,0,0,90,0,0,20,0,0,0,2,0,13,1,0,0,0,1,1,True,0
David_Jones,0,0,0,0,0,0,0,122,0,0,0,0,0,10,0,0,0,0,0,13,0,0,0,0,2,1,True,0
David_Luiz Moreira Marinho,33,0,0,9,23,0,0,123,0,0,90,0,0,17,0,0,0,3,0,13,0,0,0,0,1,2,True,1
David_Marshall,29,0,0,1,20,0,0,124,0,0,90,0,0,19,0,0,0,10,0,13,1,0,0,0,1,1,True,0
David_Meyler,6,0,0,0,4,0,0,124,0,0,3,0,0,19,0,0,0,1,0,13,0,1,0,0,1,1,True,0
David_Nugent,0,0,0,0,0,0,0,125,0,0,0,0,0,8,0,0,0,0,0,13,0,0,0,0,2,2,False,0
David_Ospina,0,0,0,0,0,0,0,121,0,0,0,0,0,2,0,0,0,0,0,13,0,0,0,0,1,3,True,0
David_Silva,0,0,0,0,0,0,0,122,0,0,0,0,0,3,0,0,0,0,0,13,0,0,0,0,2,1,False,0
DeAndre_Yedlin,0,0,0,0,0,0,0,123,0,0,0,0,0,4,0,0,0,0,0,13,0,0,0,0,1,2,False,0
Dean_Marney,11,0,0,4,4,0,0,122,1,0,39,0,0,10,0,0,0,1,0,13,0,1,0,0,2,1,True,1
Dejan_Lovren,104,0,0,7,95,0,0,126,1,1,90,0,0,15,0,0,0,8,0,13,0,0,2,2,0,2,True,1
Demarai_Gray,4,0,0,0,4,0,0,125,0,0,15,0,0,12,0,0,0,1,0,13,0,0,0,0,2,2,True,0
Diafra_Sakho,12,0,0,0,11,2,0,127,1,0,65,1,0,11,0,0,0,5,0,13,0,4,1,1,1,1,False,0
Didier_Ndong,19,0,0,7,15,1,0,126,2,0,90,0,0,9,1,0,0,5,0,13,0,2,0,0,0,2,False,0
Diego_Da Silva Costa,25,2,0,4,18,0,0,123,0,2,90,1,0,17,0,0,0,4,0,13,0,5,1,1,1,2,True,0
Dieumerci_Mbokani,14,0,0,0,11,0,0,124,0,1,90,1,0,19,0,0,0,2,0,13,0,4,1,0,1,1,True,0
Dimitrios_Konstantopoulos,0,0,0,0,0,0,0,125,0,0,0,0,0,8,0,0,0,0,0,13,0,0,0,0,2,2,False,0
Dimitri_Payet,27,1,0,0,24,2,0,127,0,3,90,0,2,11,0,0,0,2,0,13,0,0,0,1,1,1,False,0
Dionatan do Nascimento_Teixeira,0,0,0,0,0,0,0,130,0,0,0,0,0,18,0,0,0,0,0,13,0,0,0,0,1,0,False,0
Divock_Origi,17,0,0,0,11,0,0,126,1,1,57,0,0,15,0,0,0,6,0,13,0,3,1,0,0,2,True,0
Dominic_Calvert-Lewin,0,0,0,0,0,0,0,128,0,0,0,0,0,13,0,0,0,0,0,13,0,0,0,0,0,1,False,0
Dominic_Solanke,0,0,0,0,0,0,0,123,0,0,0,0,0,17,0,0,0,0,0,13,0,0,0,0,1,2,True,0
Donald_Love,0,0,0,0,0,0,0,126,0,0,0,0,0,9,0,0,0,0,0,13,0,0,0,0,0,2,False,0
Duncan_Watmore,8,0,0,2,5,0,0,126,0,1,78,0,0,9,0,0,0,3,0,13,0,4,1,0,0,2,False,0
Dusan_Kuciak,0,0,0,0,0,0,0,124,0,0,0,0,0,19,0,0,0,0,0,13,0,0,0,0,1,1,True,0
Dusan_Tadic,0,0,0,0,0,0,0,128,0,0,0,0,0,6,0,0,0,0,0,13,0,0,0,0,0,1,True,0
Eden_Hazard,34,0,0,1,27,2,0,123,0,1,76,1,0,17,0,0,0,6,0,13,0,0,0,0,1,2,True,0
Edimilson_Fernandes,0,0,0,0,0,0,0,127,0,0,0,0,0,11,0,0,0,0,0,13,0,0,0,0,1,1,False,0
Eldin_Jakupovic,0,0,0,0,0,0,0,124,0,0,0,0,0,19,0,0,0,0,0,13,0,0,0,0,1,1,True,0
Eliaquim_Mangala,0,0,0,0,0,0,0,122,0,0,0,0,0,3,0,0,0,0,0,13,0,0,0,0,2,1,False,0
Emerson_Hyndman,0,0,0,0,0,0,0,121,0,0,0,0,0,1,0,0,0,0,0,13,0,0,0,0,1,3,False,0
Emilio_Nsue Lopez,0,0,0,0,0,0,0,125,0,0,0,0,0,8,0,0,0,0,0,13,0,0,0,0,2,2,False,0
Emre_Can,77,0,0,2,64,1,0,126,0,4,90,0,0,15,0,0,0,2,0,13,0,3,0,3,0,2,True,0
Enner_Valencia,2,0,0,0,2,0,0,128,0,0,8,0,0,13,0,0,0,0,0,13,0,0,0,2,0,1,False,0
Eric_Bailly,0,0,0,0,0,0,0,127,0,0,0,0,0,20,0,0,0,0,0,13,0,0,0,0,1,1,True,0
Eric_Dier,41,0,0,5,30,0,0,123,1,0,90,0,0,4,0,0,0,6,0,13,0,1,0,1,1,2,False,0
Erik_Lamela,0,0,0,0,0,0,0,123,0,0,0,0,0,4,0,0,0,0,0,13,0,0,0,0,1,2,False,0
Erik_Pieters,34,0,0,2,22,0,0,130,2,1,90,0,1,18,0,0,0,10,0,13,0,1,1,1,1,0,False,0
Etienne_Capoue,30,0,0,3,19,2,0,130,6,1,90,0,2,14,0,0,0,2,0,13,0,1,5,0,1,0,True,0
Eunan_O'Kane,0,0,0,0,0,0,0,121,0,0,0,0,0,1,0,0,0,0,0,13,0,0,0,0,1,3,False,0
Ezekiel_Fryers,10,0,0,0,8,0,0,129,0,0,18,0,0,16,0,0,0,2,0,13,0,0,0,0,4,5,False,0
Fabian_Delph,0,0,0,0,0,0,0,122,0,0,0,0,0,3,0,0,0,0,0,13,0,0,0,0,2,1,False,0
Fabio Pereira_da Silva,44,0,0,10,34,1,0,125,2,0,90,0,0,8,0,0,0,5,0,13,0,0,1,0,2,2,False,0
Fabio_Borini,0,0,0,0,0,0,0,126,0,0,0,0,0,9,0,0,0,0,0,13,0,0,0,0,0,2,False,0
Federico_Fernández,37,0,0,14,32,0,0,129,0,0,90,0,0,5,0,0,0,3,0,13,0,0,0,0,4,5,True,0
Fernando Francisco_Reges,63,0,0,10,52,0,0,122,0,0,90,0,0,3,0,0,0,9,0,13,0,0,5,0,2,1,False,0
Fernando_Llorente,11,0,0,0,6,0,0,129,0,1,25,0,0,5,0,0,0,0,0,13,0,0,0,0,4,5,True,0
Fernando_Luiz Rosa,48,1,0,6,37,1,0,122,3,3,90,0,0,3,0,0,0,6,0,13,0,3,3,1,2,1,False,0
Florin_Gardos,0,0,0,0,0,0,0,128,0,0,0,0,0,6,0,0,0,0,0,13,0,0,0,0,0,1,True,0
Fraizer_Campbell,0,0,0,0,0,0,0,129,0,0,0,0,0,16,0,0,0,0,0,13,0,0,0,0,4,5,False,0
Francis_Coquelin,0,0,0,0,0,0,0,121,0,0,0,0,0,2,0,0,0,0,0,13,0,0,0,0,1,3,True,0
Franck_Tabanou,0,0,0,0,0,0,0,129,0,0,0,0,0,5,0,0,0,0,0,13,0,0,0,0,4,5,True,0
Fraser_Forster,19,0,0,0,11,0,0,128,0,0,90,0,0,6,0,0,0,3,0,13,1,0,0,0,0,1,True,0
Fredrik_Ulvestad,0,0,0,0,0,0,0,122,0,0,0,0,0,10,0,0,0,0,0,13,0,0,0,0,2,1,True,0
Gabriel Armando_de Abreu,30,0,0,4,23,1,0,121,2,0,75,0,0,2,0,0,0,4,0,13,0,1,0,0,1,3,True,1
Gareth_Barry,61,0,0,2,48,0,0,128,1,0,90,0,0,13,0,0,0,6,0,13,0,1,1,1,0,1,False,0
Gareth_McAuley,35,0,0,14,23,1,0,124,1,0,90,0,0,7,0,0,0,7,0,13,0,0,0,0,1,1,False,1
Gary_Cahill,35,0,0,9,30,0,0,123,1,0,90,0,0,17,0,0,0,3,0,13,0,1,1,0,1,2,True,0
Gastón_Ramírez,31,0,0,3,17,1,0,125,1,2,87,0,1,8,0,0,0,12,0,13,0,4,0,0,2,2,False,0
Gaël_Clichy,39,0,0,8,31,0,0,122,0,1,90,0,0,3,0,0,0,2,0,13,0,0,0,0,2,1,False,0
Geoff_Cameron,0,0,0,0,0,0,0,130,0,0,0,0,0,18,0,0,0,0,0,13,0,0,0,0,1,0,False,0
Georges-Kévin_Nkoudou,11,0,0,0,7,2,0,123,0,0,18,0,1,4,0,0,0,1,0,13,0,0,0,0,1,2,False,0
George_Boyd,11,0,0,2,7,0,0,122,0,0,90,0,0,10,0,0,0,1,0,13,0,0,1,0,2,1,True,0
George_Friend,0,0,0,0,0,0,0,125,0,0,0,0,0,8,0,0,0,0,0,13,0,0,0,0,2,2,False,0
George_Honeyman,0,0,0,0,0,0,0,126,0,0,0,0,0,9,0,0,0,0,0,13,0,0,0,0,0,2,False,0
Georginio_Wijnaldum,50,0,0,2,47,1,0,126,2,0,90,0,0,15,0,0,0,6,0,13,0,1,2,2,0,2,True,0
Gerard_Deulofeu,16,0,0,1,12,1,0,128,0,0,26,0,0,13,0,0,0,2,0,13,0,1,0,0,0,1,False,0
Giannelli_Imbula,39,0,0,3,37,1,0,130,1,1,90,0,1,18,0,0,0,7,0,13,0,1,1,2,1,0,False,0
Glenn_Whelan,0,0,0,0,0,0,0,130,0,0,0,0,0,18,0,0,0,0,0,13,0,0,0,0,1,0,False,0
Glen_Johnson,35,0,0,9,31,1,0,130,1,0,90,0,0,18,0,0,0,4,0,13,0,1,0,0,1,0,False,0
Gnegneri Yaya_Touré,47,0,0,5,43,1,0,122,1,2,90,0,0,3,0,0,0,1,0,13,0,3,0,3,2,1,False,0
Granit_Xhaka,52,0,0,3,47,1,0,121,1,0,90,0,1,2,0,0,0,14,0,13,0,3,7,1,1,3,True,0
Grant_Leadbitter,0,0,0,0,0,0,0,125,0,0,0,0,0,8,0,0,0,0,0,13,0,0,0,0,2,2,False,0
Greg_Luer,0,0,0,0,0,0,0,124,0,0,0,0,0,19,0,0,0,0,0,13,0,0,0,0,1,1,True,0
Greg_Olley,0,0,0,0,0,0,0,124,0,0,0,0,0,19,0,0,0,0,0,13,0,0,0,0,1,1,True,0
Guillermo_Varela,0,0,0,0,0,0,0,127,0,0,0,0,0,20,0,0,0,0,0,13,0,0,0,0,1,1,True,0
Gylfi_Sigurdsson,24,0,0,0,19,1,0,129,0,2,90,0,1,5,0,0,0,0,0,13,0,2,0,4,4,5,True,0
Gökhan_Inler,0,0,0,0,0,0,0,125,0,0,0,0,0,12,0,0,0,0,0,13,0,0,0,0,2,2,True,0
Gökhan_Töre,0,0,0,0,0,0,0,127,0,0,0,0,0,11,0,0,0,0,0,13,0,0,0,0,1,1,False,0
Hal_Robson-Kanu,4,0,1,1,2,0,0,124,1,0,8,0,0,7,0,0,0,1,0,13,0,1,0,1,1,1,False,0
Harrison_Reed,0,0,0,0,0,0,0,128,0,0,0,0,0,6,0,0,0,0,0,13,0,0,0,0,0,1,True,0
Harry_Arter,72,0,0,6,64,2,0,121,2,1,90,0,0,1,0,0,0,7,0,13,0,1,1,0,1,3,False,1
Harry_Kane,21,0,0,2,18,2,0,123,1,2,90,1,0,4,0,0,0,1,0,13,0,3,0,0,1,2,False,0
Harry_Maguire,0,0,0,0,0,0,0,124,0,0,0,0,0,19,0,0,0,0,0,13,0,0,0,0,1,1,True,0
Harry_Winks,24,0,0,1,22,0,0,123,0,1,26,0,0,4,0,0,0,1,0,13,0,0,0,0,1,2,False,0
Henrikh_Mkhitaryan,15,0,0,0,13,1,0,127,0,1,26,0,0,20,0,0,0,2,0,13,0,2,2,1,1,1,True,0
Heung-Min_Son,22,0,0,0,20,2,0,123,2,0,64,1,0,4,0,0,0,3,0,13,0,3,0,1,1,2,False,0
Heurelho_Gomes,25,0,0,2,17,0,0,130,0,0,90,0,0,14,0,0,0,8,0,13,1,0,0,0,1,0,True,0
Hiram_Boateng,0,0,0,0,0,0,0,129,0,0,0,0,0,16,0,0,0,0,0,13,0,0,0,0,4,5,False,0
Hugo_Lloris,33,0,0,0,19,0,1,123,0,0,90,0,0,4,0,0,0,9,0,13,3,0,0,0,1,2,False,0
Håvard_Nordtveit,0,0,0,0,0,0,0,127,0,0,0,0,0,11,0,0,0,0,0,13,0,0,0,0,1,1,False,0
Héctor_Bellerín,0,0,0,0,0,0,0,121,0,0,0,0,0,2,0,0,0,0,0,13,0,0,0,0,1,3,True,0
Ibrahim_Afellay,0,0,0,0,0,0,0,130,0,0,0,0,0,18,0,0,0,0,0,13,0,0,0,0,1,0,False,0
Idrissa_Gueye,59,0,0,8,54,0,0,128,4,1,90,0,0,13,0,0,0,5,0,13,0,3,1,2,0,1,False,0
Ikechi_Anya,0,0,0,0,0,0,0,130,0,0,0,0,0,14,0,0,0,0,0,13,0,0,0,0,1,0,True,0
Ilkay_Gündogan,0,0,0,0,0,0,0,122,0,0,0,0,0,3,0,0,0,0,0,13,0,0,0,0,2,1,False,0
Isaac_Success,0,0,0,0,0,0,0,130,0,0,0,0,0,14,0,0,0,0,0,13,0,0,0,0,1,0,True,0
Islam_Slimani,6,0,0,0,5,0,0,125,1,0,26,1,0,12,0,0,0,1,0,13,0,1,0,0,2,2,True,0
Jack_Butland,0,0,0,0,0,0,0,130,0,0,0,0,0,18,0,0,0,0,0,13,0,0,0,0,1,0,False,0
Jack_Cork,53,0,0,1,42,0,0,129,3,1,90,0,0,5,0,0,0,5,0,13,0,3,0,0,4,5,True,1
Jack_Rodwell,0,0,0,0,0,0,0,126,0,0,0,0,0,9,0,0,0,0,0,13,0,0,0,0,0,2,False,0
Jack_Rose,0,0,0,0,0,0,0,124,0,0,0,0,0,7,0,0,0,0,0,13,0,0,0,0,1,1,False,0
Jack_Stephens,0,0,0,0,0,0,0,128,0,0,0,0,0,6,0,0,0,0,0,13,0,0,0,0,0,1,True,0
Jack_Wilshere,0,0,0,0,0,0,0,121,0,0,0,0,0,1,0,0,0,0,0,13,0,0,0,0,1,3,False,0
Jake_Hesketh,0,0,0,0,0,0,0,128,0,0,0,0,0,6,0,0,0,0,0,13,0,0,0,0,0,1,True,0
Jake_Livermore,62,0,0,1,49,0,0,124,0,0,90,0,0,19,0,0,0,4,0,13,0,1,0,1,1,1,True,0
Jakob_Haugaard,0,0,0,0,0,0,0,130,0,0,0,0,0,18,0,0,0,0,0,13,0,0,0,0,1,0,False,0
James_Chester,0,0,0,0,0,0,0,124,0,0,0,0,0,7,0,0,0,0,0,13,0,0,0,0,1,1,False,0
James_Collins,10,0,0,10,6,0,0,127,0,0,90,0,0,11,0,0,0,2,0,13,0,0,0,0,1,1,False,0
James_McArthur,29,1,0,1,22,0,0,129,2,1,81,0,0,16,0,0,0,4,0,13,0,1,2,0,4,5,False,0
James_McCarthy,0,0,0,0,0,0,0,128,0,0,0,0,0,13,0,0,0,0,0,13,0,0,0,0,0,1,False,0
James_McClean,5,2,0,2,4,0,0,124,1,2,27,0,2,7,0,0,0,1,0,13,0,0,0,0,1,1,False,0
James_Milner,61,0,0,2,53,0,0,126,0,1,90,0,1,15,0,0,0,2,0,13,0,1,0,0,0,2,True,0
James_Morrison,35,0,0,0,30,1,0,124,0,1,78,0,0,7,0,0,0,4,0,13,0,4,0,1,1,1,False,0
James_Tarkowski,22,0,0,3,10,2,0,122,1,3,48,0,0,10,0,0,0,4,0,13,0,0,2,0,2,1,True,0
James_Tomkins,29,0,0,10,24,0,0,129,0,0,90,0,0,16,0,0,0,3,0,13,0,0,2,0,4,5,False,0
James_Ward-Prowse,40,0,2,2,35,1,0,128,0,2,90,0,0,6,0,0,0,7,0,13,0,3,1,1,0,1,True,0
James_Weir,0,0,0,0,0,0,0,124,0,0,0,0,0,19,0,0,0,0,0,13,0,0,0,0,1,1,True,0
James_Wilson,0,0,0,0,0,0,0,127,0,0,0,0,0,20,0,0,0,0,0,13,0,0,0,0,1,1,True,0
Jamie_Vardy,3,0,0,0,1,0,0,125,1,0,64,0,0,12,0,0,0,0,0,13,0,0,0,0,2,2,True,1
Jan_Kirchhoff,0,0,0,0,0,0,0,126,0,0,0,0,0,9,0,0,0,0,0,13,0,0,0,0,0,2,False,0
Jan_Vertonghen,50,0,0,10,41,1,0,123,1,0,90,0,0,4,0,0,0,7,0,13,0,0,0,0,1,2,False,0
Jarrod_Bowen,0,0,0,0,0,0,0,124,0,0,0,0,0,19,0,0,0,0,0,13,0,0,0,0,1,1,True,0
Jason_Denayer,7,0,0,7,6,0,0,126,1,0,90,0,0,9,0,0,0,1,0,13,0,2,0,0,0,2,False,0
Jason_Puncheon,31,0,0,2,22,1,0,129,5,1,90,0,1,16,0,0,0,5,0,13,0,3,3,0,4,5,False,1
Javier_Manquillo,0,0,0,0,0,0,0,126,0,0,0,0,0,9,0,0,0,0,0,13,0,0,0,0,0,2,False,0
Jay_Fulton,33,0,0,6,27,0,0,129,1,0,90,1,0,5,0,0,0,4,0,13,0,0,1,0,4,5,True,1
Jay_Rodriguez,0,0,0,0,0,0,0,128,0,0,0,0,0,6,0,0,0,0,0,13,0,0,0,0,0,1,True,0
Jefferson_Montero,1,0,0,0,1,1,0,129,0,1,5,0,1,5,0,0,0,0,0,13,0,0,0,0,4,5,True,0
Jeffrey_Schlupp,0,0,0,0,0,0,0,125,0,0,0,0,0,12,0,0,0,0,0,13,0,0,0,0,2,2,True,0
Jeff_Hendrick,14,0,0,4,11,0,0,122,1,0,90,2,0,10,0,0,0,1,0,13,0,4,0,0,2,1,True,0
Jeff_Reine-Adelaide,0,0,0,0,0,0,0,121,0,0,0,0,0,2,0,0,0,0,0,13,0,0,0,0,1,3,True,0
Jeremain_Lens,0,0,0,0,0,0,0,126,0,0,0,0,0,9,0,0,0,0,0,13,0,0,0,0,0,2,False,0
Jermain_Defoe,11,0,0,0,9,1,0,126,0,0,90,1,0,9,0,0,0,1,0,13,0,3,0,0,0,2,False,0
Jerome_Sinclair,0,0,0,0,0,0,0,130,0,0,0,0,0,14,0,0,0,0,0,13,0,0,0,0,1,0,True,0
Jesse_Lingard,41,0,0,2,39,1,0,127,3,0,84,1,2,20,0,0,0,4,0,13,0,3,0,1,1,1,True,0
Jesús_Navas,4,0,0,0,3,0,0,122,1,0,2,0,0,3,0,0,0,2,0,13,0,1,0,0,2,1,False,0
Joel_Asoro,0,0,0,0,0,0,0,126,0,0,0,0,0,9,0,0,0,0,0,13,0,0,0,0,0,2,False,0
Joel_Campbell,0,0,0,0,0,0,0,121,0,0,0,0,0,2,0,0,0,0,0,13,0,0,0,0,1,3,True,0
Joel_Matip,85,0,0,4,79,0,0,126,0,1,90,0,1,15,0,0,0,7,0,13,0,0,0,1,0,2,True,0
Joel_Robles,0,0,0,0,0,0,0,128,0,0,0,0,0,13,0,0,0,0,0,13,0,0,0,0,0,1,False,0
Joel_Ward,22,0,0,5,14,0,0,129,3,0,90,0,0,16,0,0,0,0,0,13,0,1,0,0,4,5,False,0
Joe_Allen,0,0,0,0,0,0,0,130,0,0,0,0,0,18,0,0,0,0,0,13,0,0,0,0,1,0,False,0
Joe_Hart,0,0,0,0,0,0,0,122,0,0,0,0,0,3,0,0,0,0,0,13,0,0,0,0,2,1,False,0
Joe_Ledley,0,0,0,0,0,0,0,129,0,0,0,0,0,16,0,0,0,0,0,13,0,0,0,0,4,5,False,0
Johann Berg_Gudmundsson,12,0,0,2,8,1,0,122,0,0,42,0,0,10,0,0,0,5,0,13,0,2,0,0,2,1,True,0
John Obi_Mikel,0,0,0,0,0,0,0,123,0,0,0,0,0,17,0,0,0,0,0,13,0,0,0,0,1,2,True,0
John_O'Shea,16,0,0,12,10,0,0,126,1,0,90,0,0,9,0,0,0,4,0,13,0,0,0,0,0,2,False,1
John_Stones,0,0,0,0,0,0,0,122,0,0,0,0,0,3,0,0,0,0,0,13,0,0,0,0,2,1,False,0
John_Terry,0,0,0,0,0,0,0,123,0,0,0,0,0,17,0,0,0,0,0,13,0,0,0,0,1,2,True,0
Jonas_Olsson,0,0,0,0,0,0,0,124,0,0,0,0,0,7,0,0,0,0,0,13,0,0,0,0,1,1,False,0
Jonathan_Benteke,0,0,0,0,0,0,0,129,0,0,0,0,0,16,0,0,0,0,0,13,0,0,0,0,4,5,False,0
Jonathan_Calleri,0,0,0,0,0,0,0,127,0,0,0,0,0,11,0,0,0,0,0,13,0,0,0,0,1,1,False,0
Jonathan_Leko,0,0,0,0,0,0,0,124,0,0,0,0,0,7,0,0,0,0,0,13,0,0,0,0,1,1,False,0
Jonathan_Walters,22,0,0,2,12,1,0,130,2,1,90,1,0,18,0,0,0,3,0,13,0,4,0,2,1,0,False,0
Jonathan_Williams,0,0,0,0,0,0,0,129,0,0,0,0,0,16,0,0,0,0,0,13,0,0,0,0,4,5,False,0
Jonny_Evans,45,0,0,7,31,0,0,124,1,1,90,0,1,7,0,0,0,12,0,13,0,0,0,0,1,1,False,1
Jon_Flanagan,0,0,0,0,0,0,0,122,0,0,0,0,0,10,0,0,0,0,0,13,0,0,0,0,2,1,True,0
Jordan_Henderson,128,0,0,2,117,0,0,126,0,6,90,0,0,15,0,0,0,7,0,13,0,0,4,1,0,2,True,0
Jordan_Pickford,46,0,0,2,23,0,0,126,0,0,90,0,0,9,0,0,0,17,0,13,5,0,0,0,0,2,False,0
Jordan_Rhodes,0,0,0,0,0,0,0,125,0,0,0,0,0,8,0,0,0,0,0,13,0,0,0,0,2,2,False,0
Jordi_Amat,30,0,0,6,23,1,0,129,2,0,90,0,0,5,0,0,0,3,0,13,0,0,2,0,4,5,True,0
Jordon_Ibe,14,0,0,1,11,4,0,121,1,0,20,0,0,1,0,0,0,2,0,13,0,3,1,0,1,3,False,0
Jordon_Mutch,0,0,0,0,0,0,0,129,0,0,0,0,0,16,0,0,0,0,0,13,0,0,0,0,4,5,False,0
Jordy_Clasie,6,0,0,1,3,0,0,128,0,1,12,0,0,6,0,0,0,1,0,13,0,0,0,0,0,1,True,0
Jose Angel_Esmoris Tasende,0,0,0,0,0,0,0,122,0,0,0,0,0,3,0,0,0,0,0,13,0,0,0,0,2,1,False,0
Jose Luis_Mato Sanmartín,0,0,0,0,0,0,0,130,0,0,0,0,0,18,0,0,0,0,0,13,0,0,0,0,1,0,False,0
Joseph_Gomez,0,0,0,0,0,0,0,126,0,0,0,0,0,15,0,0,0,0,0,13,0,0,0,0,0,2,True,0
Jose_Fonte,53,0,0,10,42,0,0,128,1,0,90,0,0,6,0,0,0,5,0,13,0,0,1,0,0,1,True,0
Joshua_King,29,0,0,4,23,3,0,121,0,1,90,0,1,1,0,0,0,7,0,13,0,4,0,0,1,3,False,0
Joshua_Onomah,0,0,0,0,0,0,0,123,0,0,0,0,0,4,0,0,0,0,0,13,0,0,0,0,1,2,False,0
Joshua_Sims,33,1,1,1,28,5,0,128,1,1,83,0,0,6,0,0,0,6,0,13,0,3,2,0,0,1,True,0
Josh_Clackstone,0,0,0,0,0,0,0,124,0,0,0,0,0,19,0,0,0,0,0,13,0,0,0,0,1,1,True,0
Josh_Cullen,0,0,0,0,0,0,0,127,0,0,0,0,0,11,0,0,0,0,0,13,0,0,0,0,1,1,False,0
Josh_Robson,0,0,0,0,0,0,0,126,0,0,0,0,0,9,0,0,0,0,0,13,0,0,0,0,0,2,False,0
Josh_Tymon,49,0,0,4,39,0,0,124,0,0,90,0,0,19,0,0,0,8,0,13,0,1,1,0,1,1,True,0
José_Holebas,18,0,0,6,9,3,0,130,1,1,55,0,1,14,0,0,0,5,0,13,0,2,1,0,1,0,True,1
Juan Carlos_Paredes,0,0,0,0,0,0,0,130,0,0,0,0,0,14,0,0,0,0,0,13,0,0,0,0,1,0,True,0
Juan_Cuadrado,0,0,0,0,0,0,0,123,0,0,0,0,0,17,0,0,0,0,0,13,0,0,0,0,1,2,True,0
Juan_Mata,41,0,0,2,36,0,0,127,0,3,64,0,2,20,0,0,0,5,0,13,0,1,0,0,1,1,True,0
Juan_Zuñiga,0,0,0,0,0,0,0,130,0,0,0,0,0,14,0,0,0,0,0,13,0,0,0,0,1,0,True,0
Julian_Speroni,0,0,0,0,0,0,0,129,0,0,0,0,0,16,0,0,0,0,0,13,0,0,0,0,4,5,False,0
Julien_de Sart,0,0,0,0,0,0,0,125,0,0,0,0,0,8,0,0,0,0,0,13,0,0,0,0,2,2,False,0
Julien_Ngoy,0,0,0,0,0,0,0,130,0,0,0,0,0,18,0,0,0,0,0,13,0,0,0,0,1,0,False,0
Junior_Stanislas,24,0,0,4,20,0,0,121,0,1,70,0,0,1,0,0,0,7,0,13,0,1,1,0,1,3,False,0
Jérémy_Pied,0,0,0,0,0,0,0,128,0,0,0,0,0,6,0,0,0,0,0,13,0,0,0,0,0,1,True,0
Kane_Wilson,0,0,0,0,0,0,0,124,0,0,0,0,0,7,0,0,0,0,0,13,0,0,0,0,1,1,False,0
Kasper_Schmeichel,0,0,0,0,0,0,0,125,0,0,0,0,0,12,0,0,0,0,0,13,0,0,0,0,2,2,True,0
Kelechi_Iheanacho,0,0,0,0,0,0,0,122,0,0,0,0,0,3,0,0,0,0,0,13,0,0,0,0,2,1,False,0
Keshi_Anderson,0,0,0,0,0,0,0,129,0,0,0,0,0,16,0,0,0,0,0,13,0,0,0,0,4,5,False,0
Kevin_De Bruyne,12,0,0,0,9,0,0,122,1,0,13,0,0,3,0,0,0,4,0,13,0,1,0,0,2,1,False,0
Kevin_Long,0,0,0,0,0,0,0,122,0,0,0,0,0,10,0,0,0,0,0,13,0,0,0,0,2,1,True,0
Kevin_Mirallas,9,0,0,1,7,1,0,128,0,2,20,0,1,13,0,0,0,1,0,13,0,0,0,1,0,1,False,0
Kevin_Stewart,0,0,0,0,0,0,0,126,0,0,0,0,0,15,0,0,0,0,0,13,0,0,0,0,0,2,True,0
Kevin_Wimmer,55,0,0,2,45,0,0,123,2,1,90,0,0,4,0,0,0,0,0,13,0,0,0,0,1,2,False,0
Kieran_Gibbs,0,0,0,0,0,0,0,121,0,0,0,0,0,2,0,0,0,0,0,13,0,0,0,0,1,3,True,0
Kieran_Trippier,0,0,0,0,0,0,0,123,0,0,0,0,0,4,0,0,0,0,0,13,0,0,0,0,1,2,False,0
Kristoffer_Nordfeldt,0,0,0,0,0,0,0,129,0,0,0,0,0,5,0,0,0,0,0,13,0,0,0,0,4,5,True,0
Kurt_Zouma,0,0,0,0,0,0,0,123,0,0,0,0,0,17,0,0,0,0,0,13,0,0,0,0,1,2,True,0
Kyle_Naughton,45,0,0,1,37,0,0,129,1,0,85,0,1,5,0,0,0,2,0,13,0,2,3,0,4,5,True,1
Kyle_Walker,40,0,0,4,30,2,0,123,2,1,90,0,0,4,0,0,0,9,0,13,0,3,4,0,1,2,False,0
Lamine_Koné,14,0,0,16,6,0,0,126,1,0,90,0,0,9,0,0,0,5,0,13,0,0,0,0,0,2,False,1
Laurent_Koscielny,39,0,0,13,34,0,0,121,1,0,90,0,0,2,0,0,0,1,0,13,0,0,4,0,1,3,True,0
Lazar_Markovic,0,0,0,0,0,0,0,126,0,0,0,0,0,15,0,0,0,0,0,13,0,0,0,0,0,2,True,0
Lee_Cattermole,0,0,0,0,0,0,0,126,0,0,0,0,0,9,0,0,0,0,0,13,0,0,0,0,0,2,False,0
Lee_Grant,32,0,0,3,14,0,0,130,0,0,90,0,0,18,0,0,0,8,0,13,2,0,0,0,1,0,False,0
Leighton_Baines,24,0,0,7,17,2,0,128,1,1,82,0,1,13,0,0,0,3,0,13,0,1,0,0,0,1,False,0
Leiva_Lucas,4,0,0,0,2,0,0,126,0,1,4,0,0,15,0,0,0,1,0,13,0,0,0,0,0,2,True,0
Leonardo_Ulloa,0,0,0,0,0,0,0,125,0,0,0,0,0,12,0,0,0,0,0,13,0,0,0,0,2,2,True,0
Leon_Britton,0,0,0,0,0,0,0,129,0,0,0,0,0,5,0,0,0,0,0,13,0,0,0,0,4,5,True,0
Leroy_Fer,46,0,0,3,35,2,0,129,1,0,90,0,0,5,0,0,0,5,0,13,0,2,0,0,4,5,True,0
Leroy_Sané,15,0,0,0,13,0,0,122,0,1,34,0,0,3,0,0,0,2,0,13,0,0,0,1,2,1,False,0
Lewis_Cook,0,0,0,0,0,0,0,121,0,0,0,0,0,1,0,0,0,0,0,13,0,0,0,0,1,3,False,0
Lewis_Grabban,0,0,0,0,0,0,0,121,0,0,0,0,0,1,0,0,0,0,0,13,0,0,0,0,1,3,False,0
Lloyd_Isgrove,0,0,0,0,0,0,0,128,0,0,0,0,0,6,0,0,0,0,0,13,0,0,0,0,0,1,True,0
Loris_Karius,22,0,0,0,15,0,0,126,0,0,90,0,0,15,0,0,0,9,0,13,1,0,0,0,0,2,True,0
Loïc_Remy,0,0,0,0,0,0,0,129,0,0,0,0,0,16,0,0,0,0,0,13,0,0,0,0,4,5,False,0
Lucas_Pérez,0,0,0,0,0,0,0,121,0,0,0,0,0,2,0,0,0,0,0,13,0,0,0,0,1,3,True,0
Luis_Hernández,0,0,0,0,0,0,0,125,0,0,0,0,0,12,0,0,0,0,0,13,0,0,0,0,2,2,True,0
Lukasz_Fabianski,26,0,0,1,19,0,0,129,0,0,90,0,0,5,0,0,0,10,0,13,1,0,0,0,4,5,True,0
Lukas_Jutkiewicz,0,0,0,0,0,0,0,122,0,0,0,0,0,10,0,0,0,0,0,13,0,0,0,0,2,1,True,0
Luke_Dreher,0,0,0,0,0,0,0,129,0,0,0,0,0,16,0,0,0,0,0,13,0,0,0,0,4,5,False,0
Luke_McGee,0,0,0,0,0,0,0,123,0,0,0,0,0,4,0,0,0,0,0,13,0,0,0,0,1,2,False,0
Luke_Shaw,0,0,0,0,0,0,0,127,0,0,0,0,0,20,0,0,0,0,0,13,0,0,0,0,1,1,True,0
Lynden_Gooch,2,0,0,1,2,0,0,126,0,0,12,0,0,9,0,0,0,1,0,13,0,1,0,0,0,2,False,0
Lys_Mousset,3,0,0,0,2,0,0,121,1,0,10,0,0,1,0,0,0,0,0,13,0,0,0,1,1,3,False,0
Maarten_Stekelenburg,27,0,0,1,15,0,1,128,0,0,90,0,0,13,0,0,0,5,0,13,6,0,0,0,0,1,False,0
Maksymilian_Stryjek,0,0,0,0,0,0,0,126,0,0,0,0,0,9,0,0,0,0,0,13,0,0,0,0,0,2,False,0
Mamadou Obbi_Oularé,0,0,0,0,0,0,0,130,0,0,0,0,0,14,0,0,0,0,0,13,0,0,0,0,1,0,True,0
Mamadou_Sakho,0,0,0,0,0,0,0,126,0,0,0,0,0,15,0,0,0,0,0,13,0,0,0,0,0,2,True,0
Mame Biram_Diouf,23,0,0,7,16,0,0,130,1,0,90,1,1,18,0,0,0,6,0,13,0,0,5,0,1,0,False,0
Manuel_Agudo Durán,37,0,0,1,30,0,0,122,2,3,77,0,0,3,0,0,0,1,0,13,0,0,0,2,2,1,False,1
Manuel_Lanzini,33,0,0,2,25,0,0,127,1,0,73,1,0,11,0,0,0,8,0,13,0,0,0,0,1,1,False,0
Marcin_Wasilewski,0,0,0,0,0,0,0,125,0,0,0,0,0,12,0,0,0,0,0,13,0,0,0,0,2,2,True,0
Marcos_Alonso,50,0,1,7,37,0,0,123,1,2,90,1,1,17,0,0,0,6,0,13,0,3,0,1,1,2,True,0
Marcos_Rojo,67,0,0,12,60,0,0,127,1,0,90,0,0,20,0,0,0,4,0,13,0,0,0,0,1,1,True,0
Marco_Van Ginkel,0,0,0,0,0,0,0,123,0,0,0,0,0,17,0,0,0,0,0,13,0,0,0,0,1,2,True,0
Marcus_Rashford,18,0,1,0,18,0,0,127,0,0,64,2,1,20,0,0,0,1,0,13,0,3,0,0,1,1,True,0
Marc_Albrighton,24,0,0,0,13,2,0,125,1,0,90,1,0,12,0,0,0,5,0,13,0,1,1,0,2,2,True,1
Marc_Muniesa,38,0,0,3,29,0,0,130,1,0,90,0,0,18,0,0,0,2,0,13,0,0,0,0,1,0,False,0
Marc_Pugh,0,0,0,0,0,0,0,121,0,0,0,0,0,1,0,0,0,0,0,13,0,0,0,0,1,3,False,0
Marc_Wilson,0,0,0,0,0,0,0,121,0,0,0,0,0,1,0,0,0,0,0,13,0,0,0,0,1,3,False,0
Mario_Balotelli,0,0,0,0,0,0,0,126,0,0,0,0,0,15,0,0,0,0,0,13,0,0,0,0,0,2,True,0
Mario_Suárez,0,0,0,0,0,0,0,130,0,0,0,0,0,14,0,0,0,0,0,13,0,0,0,0,1,0,True,0
Marko_Arnautovic,22,0,0,2,14,2,0,130,1,1,81,3,0,18,0,0,0,7,0,13,0,3,1,0,1,0,False,0
Marko_Grujic,0,0,0,0,0,0,0,126,0,0,0,0,0,15,0,0,0,0,0,13,0,0,0,0,0,2,True,0
Markus_Henriksen,27,0,0,2,22,0,0,124,2,1,87,0,1,19,0,0,0,4,0,13,0,1,1,0,1,1,True,0
Mark_Noble,30,0,0,2,26,2,1,127,3,0,90,0,1,11,0,0,0,2,0,13,0,2,0,0,1,1,False,0
Marouane_Fellaini,1,0,0,0,1,0,0,127,1,0,6,0,0,20,0,0,0,0,0,13,0,0,0,0,1,1,True,1
Marten_de Roon,42,0,0,9,34,0,0,125,1,1,90,0,0,8,1,0,0,5,0,13,0,0,0,1,2,2,False,0
Martin_Kelly,15,0,0,10,10,0,0,129,3,1,72,0,1,16,0,0,0,2,0,13,0,0,0,0,4,5,False,1
Marvin_Emnes,0,0,0,0,0,0,0,129,0,0,0,0,0,5,0,0,0,0,0,13,0,0,0,0,4,5,True,0
Mason_Holgate,0,0,0,0,0,0,0,128,0,0,0,0,0,13,0,0,0,0,0,13,0,0,0,0,0,1,False,0
Matej_Vydra,0,0,0,0,0,0,0,130,0,0,0,0,0,14,0,0,0,0,0,13,0,0,0,0,1,0,True,0
Mateusz_Hewelt,0,0,0,0,0,0,0,128,0,0,0,0,0,13,0,0,0,0,0,13,0,0,0,0,0,1,False,0
Mathieu_Debuchy,10,0,0,1,9,0,0,121,0,0,15,0,0,2,0,0,0,0,0,13,0,1,0,0,1,3,True,0
Mathieu_Flamini,0,0,0,0,0,0,0,129,0,0,0,0,0,16,0,0,0,0,0,13,0,0,0,0,4,5,False,0
Matteo_Darmian,52,0,0,2,47,0,0,127,0,0,90,0,0,20,0,0,0,5,0,13,0,0,1,0,1,1,True,0
Matthew_James,0,0,0,0,0,0,0,125,0,0,0,0,0,12,0,0,0,0,0,13,0,0,0,0,2,2,True,0
Matthew_Lowton,16,0,0,7,6,0,0,122,0,2,90,0,2,10,0,0,0,3,0,13,0,0,1,0,2,1,True,1
Matthew_Pennington,0,0,0,0,0,0,0,128,0,0,0,0,0,13,0,0,0,0,0,13,0,0,0,0,0,1,False,0
Matt_Miazga,0,0,0,0,0,0,0,123,0,0,0,0,0,17,0,0,0,0,0,13,0,0,0,0,1,2,True,0
Matt_Phillips,22,0,0,0,15,2,0,124,1,2,82,0,0,7,0,0,0,3,0,13,0,2,0,2,1,1,False,0
Matt_Targett,0,0,0,0,0,0,0,128,0,0,0,0,0,6,0,0,0,0,0,13,0,0,0,0,0,1,True,0
Max_Gradel,0,0,0,0,0,0,0,121,0,0,0,0,0,1,0,0,0,0,0,13,0,0,0,0,1,3,False,0
Maya_Yoshida,0,0,0,0,0,0,0,128,0,0,0,0,0,6,0,0,0,0,0,13,0,0,0,0,0,1,True,0
Memphis_Depay,0,0,0,0,0,0,0,127,0,0,0,0,0,20,0,0,0,0,0,13,0,0,0,0,1,1,True,0
Mesut_Özil,49,0,0,1,39,0,0,121,1,3,90,1,0,2,0,0,0,5,0,13,0,1,1,1,1,3,True,0
Michael_Carrick,0,0,0,0,0,0,0,127,0,0,0,0,0,20,0,0,0,0,0,13,0,0,0,0,1,1,True,0
Michael_Dawson,49,0,0,9,40,0,0,124,2,0,90,0,0,19,0,0,0,6,0,13,0,0,0,0,1,1,True,1
Michael_Keane,30,0,0,6,20,1,0,122,0,0,90,0,0,10,0,0,0,8,0,13,0,0,0,0,2,1,True,0
Michael_Kightly,0,0,0,0,0,0,0,122,0,0,0,0,0,10,0,0,0,0,0,13,0,0,0,0,2,1,True,0
Michael_Simões Domingues,0,0,0,0,0,0,0,126,0,0,0,0,0,9,0,0,0,0,0,13,0,0,0,0,0,2,False,0
Michail_Antonio,26,0,0,3,13,4,0,127,2,1,90,0,0,11,0,0,0,4,0,13,0,4,3,1,1,1,False,0
Michel_Vorm,0,0,0,0,0,0,0,123,0,0,0,0,0,4,0,0,0,0,0,13,0,0,0,0,1,2,False,0
Michy_Batshuayi,0,0,0,0,0,0,0,123,0,0,0,0,0,17,0,0,0,0,0,13,0,0,0,0,1,2,True,0
Miguel_Britos,37,0,0,8,24,0,0,130,1,1,89,0,1,14,0,0,0,4,1,13,0,0,1,1,1,0,True,0
Mike_van der Hoorn,0,0,0,0,0,0,0,129,0,0,0,0,0,5,0,0,0,0,0,13,0,0,0,0,4,5,True,0
Mile_Jedinak,0,0,0,0,0,0,0,129,0,0,0,0,0,16,0,0,0,0,0,13,0,0,0,0,4,5,False,0
Modou_Barrow,24,0,0,1,17,2,0,129,0,1,79,1,0,5,0,0,0,1,0,13,0,3,1,1,4,5,True,0
Mohamed_Diamé,0,0,0,0,0,0,0,124,0,0,0,0,0,19,0,0,0,0,0,13,0,0,0,0,1,1,True,0
Mohamed_Elneny,46,0,0,5,42,1,0,121,3,0,90,0,0,2,0,0,0,5,0,13,0,1,1,1,1,3,True,0
Morgan_Schneiderlin,0,0,0,0,0,0,0,127,0,0,0,0,0,20,0,0,0,0,0,13,0,0,0,0,1,1,True,0
Moses_Odubajo,0,0,0,0,0,0,0,124,0,0,0,0,0,19,0,0,0,0,0,13,0,0,0,0,1,1,True,0
Mousa_Dembélé,37,0,0,2,32,4,0,123,2,1,82,0,0,4,0,0,0,7,0,13,0,6,4,1,1,2,False,1
Moussa_Sissoko,0,0,0,0,0,0,0,123,0,0,0,0,0,4,0,0,0,0,0,13,0,0,0,0,1,2,False,0
Muhamed_Besic,0,0,0,0,0,0,0,128,0,0,0,0,0,13,0,0,0,0,0,13,0,0,0,0,0,1,False,0
N'Golo_Kanté,47,0,0,2,37,2,0,123,2,0,90,0,0,17,0,0,0,6,0,13,0,2,0,0,1,2,True,0
Nabil_Bentaleb,0,0,0,0,0,0,0,123,0,0,0,0,0,4,0,0,0,0,0,13,0,0,0,0,1,2,False,0
Nacer_Chadli,6,0,0,0,4,1,0,124,0,0,12,0,0,7,0,0,0,0,0,13,0,0,0,0,1,1,False,0
Nacho_Monreal,42,1,0,5,36,1,0,121,1,1,90,0,1,2,1,0,0,3,0,13,0,0,1,0,1,3,True,0
Nampalys_Mendy,0,0,0,0,0,0,0,125,0,0,0,0,0,12,0,0,0,0,0,13,0,0,0,0,2,2,True,0
Nathaniel_Chalobah,0,0,0,0,0,0,0,123,0,0,0,0,0,17,0,0,0,0,0,13,0,0,0,0,1,2,True,0
Nathaniel_Clyne,41,0,0,1,39,0,0,126,0,2,90,0,0,15,0,0,0,5,0,13,0,1,3,2,0,2,True,0
Nathan_Aké,38,1,0,19,29,0,0,121,2,1,90,0,0,1,0,0,0,3,0,13,0,1,1,0,1,3,False,0
Nathan_Dyer,0,0,0,0,0,0,0,129,0,0,0,0,0,5,0,0,0,0,0,13,0,0,0,0,4,5,True,0
Nathan_Redmond,34,1,0,1,27,2,0,128,1,1,78,0,2,6,0,0,0,6,0,13,0,6,2,2,0,1,True,0
Neil_Taylor,24,0,0,5,17,0,0,129,2,1,90,0,0,5,0,0,0,3,0,13,0,1,0,0,4,5,True,0
Nemanja_Matic,36,0,0,4,30,0,0,123,1,2,90,0,0,17,0,0,0,9,0,13,0,3,1,0,1,2,True,0
Nick_Pope,0,0,0,0,0,0,0,122,0,0,0,0,0,10,0,0,0,0,0,13,0,0,0,0,2,1,True,0
Nicolás_Otamendi,57,1,0,20,50,0,0,122,2,1,90,0,0,3,0,0,0,5,0,13,0,0,0,0,2,1,False,1
Nordin_Amrabat,21,0,0,0,15,2,0,130,6,1,77,1,0,14,0,0,0,5,0,13,0,1,1,0,1,0,True,1
Odion_Ighalo,8,0,0,1,6,0,0,130,1,1,35,0,0,14,0,0,0,3,0,13,0,3,0,2,1,0,True,0
Olayinka Fredrick Oladotun_Ladapo,0,0,0,0,0,0,0,129,0,0,0,0,0,16,0,0,0,0,0,13,0,0,0,0,4,5,False,0
Ola_Aina,0,0,0,0,0,0,0,123,0,0,0,0,0,17,0,0,0,0,0,13,0,0,0,0,1,2,True,0
Oleksandr_Zinchenko,0,0,0,0,0,0,0,122,0,0,0,0,0,3,0,0,0,0,0,13,0,0,0,0,2,1,False,0
Oliver_McBurnie,0,0,0,0,0,0,0,129,0,0,0,0,0,5,0,0,0,0,0,13,0,0,0,0,4,5,True,0
Olivier_Giroud,11,1,1,0,10,0,0,121,0,2,15,0,0,2,0,0,0,1,0,13,0,0,0,2,1,3,True,0
Olufela_Olomola,0,0,0,0,0,0,0,128,0,0,0,0,0,6,0,0,0,0,0,13,0,0,0,0,0,1,True,0
Oluwaseyi_Ojo,0,0,0,0,0,0,0,126,0,0,0,0,0,15,0,0,0,0,0,13,0,0,0,0,0,2,True,0
Oriol_Romeu Vidal,52,0,0,4,43,1,0,128,2,0,90,0,0,6,0,0,0,11,0,13,0,1,4,0,0,1,True,0
Oscar_dos Santos Emboaba Junior,3,0,0,1,1,0,0,123,0,0,8,0,0,17,0,0,0,1,0,13,0,0,0,0,1,2,True,0
Oumar_Niasse,0,0,0,0,0,0,0,128,0,0,0,0,0,13,0,0,0,0,0,13,0,0,0,0,0,1,False,0
Oviemuno_Ejaria,0,0,0,0,0,0,0,126,0,0,0,0,0,15,0,0,0,0,0,13,0,0,0,0,0,2,True,0
Pablo_Maffeo,0,0,0,0,0,0,0,122,0,0,0,0,0,3,0,0,0,0,0,13,0,0,0,0,2,1,False,0
Pablo_Zabaleta,0,0,0,0,0,0,0,122,0,0,0,0,0,3,0,0,0,0,0,13,0,0,0,0,2,1,False,0
Pape_Souaré,0,0,0,0,0,0,0,129,0,0,0,0,0,16,0,0,0,0,0,13,0,0,0,0,4,5,False,0
Papy_Djilobodji,0,0,0,0,0,0,0,126,0,0,0,0,0,9,0,0,0,0,0,13,0,0,0,0,0,2,False,0
Patrick_Bamford,0,0,0,0,0,0,0,122,0,0,0,0,0,10,0,0,0,0,0,13,0,0,0,0,2,1,True,0
Patrick_McNair,0,0,0,0,0,0,0,126,0,0,0,0,0,9,0,0,0,0,0,13,0,0,0,0,0,2,False,0
Patrick_van Aanholt,26,0,0,4,16,1,0,126,0,1,90,0,0,9,0,0,0,5,0,13,0,0,2,1,0,2,False,0
Paulo_Gazzaniga,0,0,0,0,0,0,0,128,0,0,0,0,0,6,0,0,0,0,0,13,0,0,0,0,0,1,True,0
Paul_Pogba,75,1,0,7,66,4,0,127,2,2,90,0,0,20,0,0,0,9,0,13,0,4,2,2,1,1,True,1
Paul_Robinson,42,0,0,0,15,0,0,122,0,0,90,0,0,10,0,0,0,11,0,13,3,0,0,0,2,1,True,0
Pau_López Sabata,0,0,0,0,0,0,0,123,0,0,0,0,0,4,0,0,0,0,0,13,0,0,0,0,1,2,False,0
Pedro_Chirivella,0,0,0,0,0,0,0,126,0,0,0,0,0,15,0,0,0,0,0,13,0,0,0,0,0,2,True,0
Pedro_Obiang,34,0,0,6,22,0,0,127,1,0,90,0,0,11,0,0,0,5,0,13,0,0,4,0,1,1,False,0
Pedro_Rodríguez Ledesma,17,0,0,0,16,1,0,123,3,0,82,0,0,17,0,0,0,7,0,13,0,5,0,0,1,2,True,0
Per_Mertesacker,0,0,0,0,0,0,0,121,0,0,0,0,0,2,0,0,0,0,0,13,0,0,0,0,1,3,True,0
Peter_Crouch,7,0,0,2,5,0,0,130,1,0,9,0,0,18,0,0,0,0,0,13,0,0,0,0,1,0,False,0
Petr_Cech,24,0,0,0,16,0,0,121,0,0,90,0,0,2,0,0,0,9,0,13,2,0,0,0,1,3,True,0
Philippe_Coutinho,15,0,0,0,13,1,0,126,0,1,33,0,0,15,0,0,0,2,0,13,0,3,0,0,0,2,True,0
Philipp_Wollscheid,0,0,0,0,0,0,0,130,0,0,0,0,0,18,0,0,0,0,0,13,0,0,0,0,1,0,False,0
Phil_Bardsley,0,0,0,0,0,0,0,130,0,0,0,0,0,18,0,0,0,0,0,13,0,0,0,0,1,0,False,0
Phil_Jagielka,37,0,0,9,26,0,1,128,1,0,90,0,0,13,0,0,0,3,0,13,0,0,1,0,0,1,False,0
Phil_Jones,58,1,0,12,52,0,0,127,0,1,90,0,0,20,0,0,0,6,0,13,0,0,2,0,1,1,True,0
Pierre-Emile_Højbjerg,64,0,0,3,53,2,0,128,2,2,90,0,0,6,0,0,0,9,0,13,0,3,2,4,0,1,True,0
Ragnar_Klavan,0,0,0,0,0,0,0,126,0,0,0,0,0,15,0,0,0,0,0,13,0,0,0,0,0,2,True,0
Raheem_Sterling,24,0,0,1,22,0,0,122,3,5,56,0,0,3,0,0,0,3,0,13,0,1,0,0,2,1,False,0
Ramadan_Sobhi,0,0,0,0,0,0,0,130,0,0,0,0,0,18,0,0,0,0,0,13,0,0,0,0,1,0,False,0
Ramiro_Funes Mori,0,0,0,0,0,0,0,128,0,0,0,0,0,13,0,0,0,0,0,13,0,0,0,0,0,1,False,0
Raphael_Spiegel,0,0,0,0,0,0,0,127,0,0,0,0,0,11,0,0,0,0,0,13,0,0,0,0,1,1,False,0
Reece_Burke,0,0,0,0,0,0,0,127,0,0,0,0,0,11,0,0,0,0,0,13,0,0,0,0,1,1,False,0
Reece_Oxford,0,0,0,0,0,0,0,127,0,0,0,0,0,11,0,0,0,0,0,13,0,0,0,0,1,1,False,0
Rickie_Lambert,0,0,0,0,0,0,0,124,0,0,0,0,0,7,0,0,0,0,0,13,0,0,0,0,1,1,False,0
Ritchie_de Laet,0,0,0,0,0,0,0,125,0,0,0,0,0,12,0,0,0,0,0,13,0,0,0,0,2,2,True,0
Riyad_Mahrez,22,0,0,0,13,4,0,125,1,1,67,1,1,12,0,0,0,5,0,13,0,2,0,0,2,2,True,0
Robert Kenedy_Nunes do Nascimento,0,0,0,0,0,0,0,130,0,0,0,0,0,14,0,0,0,0,0,13,0,0,0,0,1,0,True,0
Roberto_Firmino,53,0,0,2,40,4,0,126,1,1,86,0,1,15,0,0,0,9,0,13,0,7,0,1,0,2,True,0
Roberto_Pereyra,40,0,0,2,32,2,0,130,1,1,90,0,1,14,0,0,0,10,0,13,0,3,0,1,1,0,True,0
Robert_Huth,29,0,0,11,18,0,0,125,0,0,90,0,0,12,0,0,0,6,0,13,0,0,2,0,2,2,True,0
Robert_Snodgrass,41,0,0,1,34,2,0,124,0,2,90,0,1,19,0,0,0,2,0,13,0,5,1,0,1,1,True,0
Rob_Holding,0,0,0,0,0,0,0,121,0,0,0,0,0,2,0,0,0,0,0,13,0,0,0,0,1,3,True,0
Romelu_Lukaku,19,0,0,1,14,0,0,128,0,1,90,0,0,13,0,0,0,3,0,13,0,5,0,1,0,1,False,1
Ron-Robert_Zieler,35,0,0,2,10,0,0,125,0,0,90,0,0,12,0,0,0,11,0,13,0,0,0,0,2,2,True,0
Ross_Barkley,45,0,0,1,39,0,0,128,2,2,70,0,0,13,0,0,0,5,0,13,0,4,0,1,0,1,False,0
Rouwen_Hennings,0,0,0,0,0,0,0,122,0,0,0,0,0,10,0,0,0,0,0,13,0,0,0,0,2,1,True,0
Ruben_Loftus-Cheek,0,0,0,0,0,0,0,123,0,0,0,0,0,17,0,0,0,0,0,13,0,0,0,0,1,2,True,0
Ryan_Allsop,0,0,0,0,0,0,0,121,0,0,0,0,0,1,0,0,0,0,0,13,0,0,0,0,1,3,False,0
Ryan_Bertrand,45,0,0,5,37,0,0,128,0,0,90,0,0,6,0,0,0,10,0,13,0,2,1,0,0,1,True,0
Ryan_Fraser,0,0,0,0,0,0,0,121,0,0,0,0,0,1,0,0,0,0,0,13,0,0,0,0,1,3,False,0
Ryan_Mason,20,0,0,1,16,0,0,124,0,0,45,0,0,19,0,0,0,2,0,13,0,0,0,0,1,1,True,0
Ryan_Shawcross,0,0,0,0,0,0,0,130,0,0,0,0,0,18,0,0,0,0,0,13,0,0,0,0,1,0,False,0
Sadio_Mané,47,0,0,0,35,1,0,126,0,1,90,0,0,15,0,0,0,7,0,13,0,3,1,1,0,2,True,0
Saido_Berahino,0,0,0,0,0,0,0,124,0,0,0,0,0,7,0,0,0,0,0,13,0,0,0,0,1,1,False,0
Salomón_Rondón,41,0,1,1,32,1,0,124,4,2,90,0,0,7,0,0,0,6,0,13,0,2,2,2,1,1,False,0
Samir_Nasri,0,0,0,0,0,0,0,122,0,0,0,0,0,3,0,0,0,0,0,13,0,0,0,0,2,1,False,0
Sam_Byram,0,0,0,0,0,0,0,127,0,0,0,0,0,11,0,0,0,0,0,13,0,0,0,0,1,1,False,0
Sam_Clucas,60,0,0,2,52,0,0,124,1,0,90,0,0,19,0,0,0,6,0,13,0,0,1,1,1,1,True,1
Sam_Field,0,0,0,0,0,0,0,124,0,0,0,0,0,7,0,0,0,0,0,13,0,0,0,0,1,1,False,0
Sam_McQueen,1,0,0,0,1,0,0,128,0,0,7,0,0,6,0,0,0,0,0,13,0,1,0,0,0,1,True,0
Sam_Vokes,24,0,0,1,14,1,0,122,1,0,90,1,0,10,0,0,0,1,0,13,0,3,0,0,2,1,True,0
Santiago_Cazorla,0,0,0,0,0,0,0,121,0,0,0,0,0,2,0,0,0,0,0,13,0,0,0,0,1,3,True,0
Scott_Arfield,10,0,0,2,8,0,0,122,0,0,51,0,0,10,0,0,0,2,0,13,0,2,0,0,2,1,True,0
Scott_Dann,23,1,0,7,15,0,1,129,2,2,90,0,0,16,0,0,0,3,0,13,0,1,0,1,4,5,False,0
Seamus_Coleman,41,0,0,2,30,2,0,128,1,2,90,0,1,13,0,0,0,7,0,13,0,2,2,0,0,1,False,0
Sebastian_Larsson,0,0,0,0,0,0,0,126,0,0,0,0,0,9,0,0,0,0,0,13,0,0,0,0,0,2,False,0
Sebastian_Prödl,42,0,0,4,30,0,0,130,2,0,90,0,0,14,0,0,0,4,0,13,0,0,1,1,1,0,True,0
Serge_Gnabry,0,0,0,0,0,0,0,121,0,0,0,0,0,2,0,0,0,0,0,13,0,0,0,0,1,3,True,0
Sergio_Agüero,29,0,0,0,23,0,0,122,2,1,88,3,0,3,0,0,0,3,0,13,0,3,0,1,2,1,False,1
Sergio_Romero,0,0,0,0,0,0,0,127,0,0,0,0,0,20,0,0,0,0,0,13,0,0,0,0,1,1,True,0
Shane_Long,3,0,0,0,0,0,0,128,0,0,2,0,0,6,0,0,0,0,0,13,0,0,0,0,0,1,True,0
Shaun_MacDonald,0,0,0,0,0,0,0,121,0,0,0,0,0,1,0,0,0,0,0,13,0,0,0,0,1,3,False,0
Shaun_Maloney,0,0,0,0,0,0,0,124,0,0,0,0,0,19,0,0,0,0,0,13,0,0,0,0,1,1,True,0
Shay_Given,0,0,0,0,0,0,0,130,0,0,0,0,0,18,0,0,0,0,0,13,0,0,0,0,1,0,False,0
Shinji_Okazaki,19,0,0,0,13,2,0,125,3,0,75,0,0,12,0,0,0,3,0,13,0,1,0,1,2,2,True,0
Shkodran_Mustafi,46,0,0,10,40,2,0,121,1,0,90,0,0,2,0,0,0,9,0,13,0,0,1,0,1,3,True,1
Simone_Zaza,0,0,0,0,0,0,0,127,0,0,0,0,0,11,0,0,0,0,0,13,0,0,0,0,1,1,False,0
Simon_Francis,52,1,0,3,39,1,0,121,1,2,90,0,1,1,0,0,0,9,0,13,0,3,2,1,1,3,False,1
Simon_Mignolet,0,0,0,0,0,0,0,126,0,0,0,0,0,15,0,0,0,0,0,13,0,0,0,0,0,2,True,0
Sofiane_Boufal,0,0,0,0,0,0,0,128,0,0,0,0,0,6,0,0,0,0,0,13,0,0,0,0,0,1,True,0
Sofiane_Feghouli,0,0,0,1,0,0,0,127,0,0,1,0,0,11,0,0,0,0,0,13,0,0,0,0,1,1,False,0
Stefano_Okaka,4,0,0,0,4,0,0,130,0,0,13,0,0,14,0,0,0,1,0,13,0,1,0,1,1,0,True,0
Stephen_Ireland,0,0,0,0,0,0,0,130,0,0,0,0,0,18,0,0,0,0,0,13,0,0,0,0,1,0,False,0
Stephen_Kingsley,0,0,0,0,0,0,0,129,0,0,0,0,0,5,0,0,0,0,0,13,0,0,0,0,4,5,True,0
Stephen_Ward,15,0,0,3,7,0,0,122,2,0,90,0,0,10,0,0,0,4,0,13,0,0,4,0,2,1,True,0
Steven_Berghuis,0,0,0,0,0,0,0,130,0,0,0,0,0,14,0,0,0,0,0,13,0,0,0,0,1,0,True,0
Steven_Davis,0,0,0,0,0,0,0,128,0,0,0,0,0,6,0,0,0,0,0,13,0,0,0,0,0,1,True,0
Steven_Defour,31,0,0,5,19,0,0,122,0,1,79,1,2,10,0,0,0,6,0,13,0,1,1,0,2,1,True,0
Steven_Pienaar,16,0,0,6,9,0,0,126,2,0,78,0,0,9,0,0,0,2,0,13,0,1,0,0,0,2,False,1
Steve_Cook,42,0,0,11,31,1,1,121,1,0,90,0,0,1,0,0,0,5,0,13,0,0,0,0,1,3,False,1
Steve_Mandanda,0,0,0,0,0,0,0,129,0,0,0,0,0,16,0,0,0,0,0,13,0,0,0,0,4,5,False,0
Stewart_Downing,0,0,0,0,0,0,0,125,0,0,0,0,0,8,0,0,0,0,0,13,0,0,0,0,2,2,False,0
Stuart_Taylor,0,0,0,0,0,0,0,128,0,0,0,0,0,6,0,0,0,0,0,13,0,0,0,0,0,1,True,0
Sullay_Kaikai,0,0,0,0,0,0,0,129,0,0,0,0,0,16,0,0,0,0,0,13,0,0,0,0,4,5,False,0
Sung-yueng_Ki,0,0,0,0,0,0,0,129,0,0,0,0,0,5,0,0,0,0,0,13,0,0,0,0,4,5,True,0
Sébastien_Pocognoli,0,0,0,0,0,0,0,124,0,0,0,0,0,7,0,0,0,0,0,13,0,0,0,0,1,1,False,0
Takuma_Asano,0,0,0,0,0,0,0,121,0,0,0,0,0,2,0,0,0,0,0,13,0,0,0,0,1,3,True,0
Tendayi_Darikwa,0,0,0,0,0,0,0,122,0,0,0,0,0,10,0,0,0,0,0,13,0,0,0,0,2,1,True,0
Theo_Walcott,24,0,0,2,17,2,0,121,0,0,75,0,1,2,0,0,0,8,0,13,0,1,0,0,1,3,True,0
Thibaud_Verlinden,0,0,0,0,0,0,0,130,0,0,0,0,0,18,0,0,0,0,0,13,0,0,0,0,1,0,False,0
Thibaut_Courtois,32,0,0,1,17,0,0,123,0,0,90,0,0,17,0,0,0,13,0,13,5,0,0,0,1,2,True,0
Thomas_Robson,0,0,0,0,0,0,0,126,0,0,0,0,0,9,0,0,0,0,0,13,0,0,0,0,0,2,False,0
Timothy_Fosu-Mensah,0,0,0,0,0,0,0,127,0,0,0,0,0,20,0,0,0,0,0,13,0,0,0,0,1,1,True,0
Toby_Alderweireld,0,0,0,0,0,0,0,123,0,0,0,0,0,4,0,0,0,0,0,13,0,0,0,0,1,2,False,0
Tokelo_Rantie,0,0,0,0,0,0,0,121,0,0,0,0,0,1,0,0,0,0,0,13,0,0,0,0,1,3,False,0
Tommie_Hoban,0,0,0,0,0,0,0,130,0,0,0,0,0,14,0,0,0,0,0,13,0,0,0,0,1,0,True,0
Tom_Carroll,0,0,0,0,0,0,0,123,0,0,0,0,0,4,0,0,0,0,0,13,0,0,0,0,1,2,False,0
Tom_Cleverley,0,0,0,0,0,0,0,128,0,0,0,0,0,13,0,0,0,0,0,13,0,0,0,0,0,1,False,0
Tom_Davies,0,0,0,0,0,0,0,128,0,0,0,0,0,13,0,0,0,0,0,13,0,0,0,0,0,1,False,0
Tom_Heaton,0,0,0,0,0,0,0,122,0,0,0,0,0,10,0,0,0,0,0,13,0,0,0,0,2,1,True,0
Tom_Huddlestone,0,0,0,0,0,0,0,124,0,0,0,0,0,19,0,0,0,0,0,13,0,0,0,0,1,1,True,0
Trent_Alexander-Arnold,0,0,0,0,0,0,0,126,0,0,0,0,0,15,0,0,0,0,0,13,0,0,0,0,0,2,True,0
Troy_Deeney,28,0,0,2,12,1,0,130,2,2,90,0,0,14,0,0,0,3,0,13,0,1,0,1,1,0,True,0
Tyias_Browning,0,0,0,0,0,0,0,128,0,0,0,0,0,13,0,0,0,0,0,13,0,0,0,0,0,1,False,0
Tyrone_Mings,0,0,0,0,0,0,0,121,0,0,0,0,0,1,0,0,0,0,0,13,0,0,0,0,1,3,False,0
Valon_Behrami,39,0,0,1,30,0,0,130,0,0,90,0,0,14,0,0,0,9,0,13,0,3,2,0,1,0,True,1
Victor_Anichebe,22,0,0,5,8,0,0,126,1,0,90,0,0,9,0,0,0,5,0,13,0,4,0,0,0,2,False,0
Victor_Moses,28,0,0,3,23,1,0,123,3,0,80,0,0,17,0,0,0,6,0,13,0,1,0,0,1,2,True,0
Victor_Wanyama,53,0,0,3,49,2,0,123,3,2,90,0,0,4,0,0,0,7,0,13,0,3,0,1,1,2,False,0
Viktor_Fischer,1,0,0,0,1,0,0,125,0,0,3,0,0,8,0,0,0,0,0,13,0,0,0,0,2,2,False,0
Vincent_Janssen,2,0,0,0,1,0,0,123,0,0,8,0,0,4,0,0,0,0,0,13,0,0,0,0,1,2,False,0
Vincent_Kompany,0,0,0,0,0,0,0,122,0,0,0,0,0,3,0,0,0,0,0,13,0,0,0,0,2,1,False,0
Virgil_van Dijk,45,0,0,8,31,1,0,128,1,2,90,0,0,6,0,0,0,7,0,13,0,0,1,0,0,1,True,0
Vito_Mannone,0,0,0,0,0,0,0,126,0,0,0,0,0,9,0,0,0,0,0,13,0,0,0,0,0,2,False,0
Víctor_Valdés,41,0,0,1,26,0,0,125,0,0,90,0,0,8,0,0,0,8,0,13,1,0,0,0,2,2,False,1
Wahbi_Khazri,0,0,0,0,0,0,0,126,0,0,0,0,0,9,0,0,0,0,0,13,0,0,0,0,0,2,False,0
Wayne_Hennessey,36,0,0,0,24,0,0,129,0,0,90,0,0,16,0,0,0,10,0,13,3,0,0,0,4,5,False,1
Wayne_Rooney,11,0,0,0,8,0,0,127,1,1,26,0,2,20,0,0,0,1,0,13,0,1,0,1,1,1,True,0
Wayne_Routledge,18,0,0,1,13,1,0,129,2,2,65,0,0,5,0,0,0,4,0,13,0,1,0,2,4,5,True,1
Wes_Morgan,19,0,0,5,12,0,0,125,1,0,90,0,0,12,0,0,0,1,0,13,0,0,0,0,2,2,True,0
Wilfried_Bony,0,0,0,0,0,0,0,130,0,0,0,0,0,18,0,0,0,0,0,13,0,0,0,0,1,0,False,0
Wilfried_Zaha,9,0,1,3,7,4,0,129,1,0,90,0,0,16,0,0,0,2,0,13,0,7,0,1,4,5,False,0
Willian_Borges Da Silva,4,0,0,0,2,0,0,123,2,0,14,0,0,17,0,0,0,2,0,13,0,1,0,1,1,2,True,1
Willy_Caballero,0,0,0,0,0,0,0,122,0,0,0,0,0,3,0,0,0,0,0,13,0,0,0,0,2,1,False,0
Will_Keane,0,0,0,0,0,0,0,124,0,0,0,0,0,19,0,0,0,0,0,13,0,0,0,0,1,1,True,0
Winston_Reid,0,0,0,0,0,0,0,127,0,0,0,0,0,11,0,0,0,0,0,13,0,0,0,0,1,1,False,0
Xherdan_Shaqiri,32,0,0,0,25,3,0,130,2,4,90,1,1,18,0,0,0,9,0,13,0,8,0,1,1,0,False,0
Yannick_Bolasie,24,0,0,1,16,3,0,128,4,2,90,0,1,13,0,0,0,5,0,13,0,6,3,3,0,1,False,0
Yaya_Sanogo,0,0,0,0,0,0,0,121,0,0,0,0,0,2,0,0,0,0,0,13,0,0,0,0,1,3,True,0
Yohan_Benalouane,0,0,0,0,0,0,0,125,0,0,0,0,0,12,0,0,0,0,0,13,0,0,0,0,2,2,True,0
Yohan_Cabaye,29,1,0,4,24,1,0,129,2,3,90,0,1,16,0,0,0,6,0,13,0,1,0,1,4,5,False,1
Younes_Kaboul,6,0,0,2,5,0,0,130,0,0,20,0,0,14,0,0,0,0,0,13,0,0,0,0,1,0,True,0
Zlatan_Ibrahimovic,33,1,1,1,22,0,0,127,3,5,90,1,0,20,0,0,0,4,0,13,0,1,0,2,1,1,True,0
Álvaro_Arbeloa,0,0,0,0,0,0,0,127,0,0,0,0,0,11,0,0,0,0,0,13,0,0,0,0,1,1,False,0
Álvaro_Negredo,38,0,0,4,24,1,0,125,2,0,90,1,0,8,0,0,0,1,0,13,0,2,0,0,2,2,False,1
